-- Task-1
CREATE TABLE employees (
    emp_id INT PRIMARY KEY,
    emp_name VARCHAR(50),
    department VARCHAR(50),
    salary DECIMAL(10, 2)
);

INSERT INTO employees (emp_id, emp_name, department, salary)
VALUES
    (1, 'John Doe', 'HR', 50000.00),
    (2, 'Jane Smith', 'IT', 60000.00),
    (3, 'Michael Johnson', 'Finance', 55000.00),
    (4, 'Emily Brown', 'HR', 52000.00);

SELECT emp_name, salary FROM employees WHERE department = 'HR';

-- Task-2
CREATE TABLE orders (
    order_id INT PRIMARY KEY,
    customer_id INT,
    total_amount DECIMAL(10, 2)
);

INSERT INTO orders (order_id, customer_id, total_amount)
VALUES
    (101, 1, 200.00),
    (102, 2, 300.00),
    (103, 1, 150.00),
    (104, 3, 400.00),
    (105, 2, 250.00);

SELECT customer_id, SUM(total_amount) AS total_amount FROM orders GROUP BY customer_id ORDER BY total_amount ASC;

-- Task-3
CREATE TABLE students (
    student_id INT PRIMARY KEY,
    student_name VARCHAR(50),
    age INT,
    gender VARCHAR(10)
);

CREATE TABLE courses (
    course_id INT PRIMARY KEY,
    course_name VARCHAR(50),
    credits INT
);

INSERT INTO students (student_id, student_name, age, gender)
VALUES
    (1, 'Alice', 22, 'Female'),
    (2, 'Bob', 21, 'Male'),
    (3, 'Charlie', 23, 'Male');

INSERT INTO courses (course_id, course_name, credits)
VALUES
    (101, 'Mathematics', 3),
    (102, 'History', 4),
    (103, 'Physics', 3);

-- Enrollment table with student-course relationships
CREATE TABLE enrollment (
    enrollment_id INT PRIMARY KEY,
    student_id INT,
    course_id INT
);

INSERT INTO enrollment (enrollment_id, student_id, course_id)
VALUES
    (1, 1, 101),
    (2, 1, 102),
    (3, 2, 103),
    (4, 3, 101);

SELECT student_name, course_name, credits 
FROM students s
INNER JOIN enrollment e ON s.student_id = e.student_id 
INNER JOIN courses c ON e.course_id = c.course_id;

-- Task-4
CREATE TABLE employees (
    emp_id INT PRIMARY KEY,
    emp_name VARCHAR(50),
    department_id INT
);

CREATE TABLE departments (
    department_id INT PRIMARY KEY,
    department_name VARCHAR(50)
);

CREATE TABLE salaries (
    emp_id INT,
    salary DECIMAL(10, 2)
);

INSERT INTO employees (emp_id, emp_name, department_id)
VALUES
    (1, 'John Doe', 1),
    (2, 'Jane Smith', 2),
    (3, 'Michael Johnson', 1),
    (4, 'Emily Brown', 3);

INSERT INTO departments (department_id, department_name)
VALUES
    (1, 'HR'),
    (2, 'IT'),
    (3, 'Finance');

INSERT INTO salaries (emp_id, salary)
VALUES
    (1, 50000.00),
    (2, 60000.00),
    (3, 55000.00),
    (4, 52000.00);